,index,SNR,species,lead,planet,observation,instrument,year,detection?,analysis method,new data?,analysis type,tellurics,url,VMR,VMR_err1,VMR_err2
0,0,20.0,H alpha,F Yan,WASP-33 b,transit,"HARPS, CARMENES",2020,,,,,,,,,
1,1,8.0,H beta,F Yan,WASP-33 b,transit,"HARPS, CARMENES",2020,,,,,,,,,
2,2,2.3,H gamma,F Yan,WASP-33 b,transit,"HARPS, CARMENES",2020,,,,,,,,,
3,0,5.9,H2O,A Boucher,HD 189733 b,transit,SPIRou,2021,True,,,,,,,,
4,0,5.6,H2O,J Birkby,51 Peg b,emission,CRIRES,2017,,,,,,,,,
5,0,5.0,H2O,J Birkby,HD 189733 b,emission,CRIRES,2013,,,,,,,,,
6,0,5.5,H2O,A Sanchez-Lopez,WASP-76 b,transit,CARMENES,2021,,,,,,,,,
7,1,5.2,HCN,A Sanchez-Lopez,WASP-76 b,transit,CARMENES,2021,,,,,,,,,
8,0,13.3,Fe,F Borsa,WASP-121 b,transit,ESPRESSO,2020,,,,,,,,,
9,1,4.4,Fe+,F Borsa,WASP-121 b,transit,ESPRESSO,2020,,,,,,,,,
10,2,4.2,Cr,F Borsa,WASP-121 b,transit,ESPRESSO,2020,,,,,,,,,
11,3,6.6,V,F Borsa,WASP-121 b,transit,ESPRESSO,2020,,,,,,,,,
12,4,4.0,Ca+,F Borsa,WASP-121 b,transit,ESPRESSO,2020,,,,,,,,,
13,5,3.9,Mn,F Borsa,WASP-121 b,transit,ESPRESSO,2020,,,,,,,,,
14,6,4.0,Mg,F Borsa,WASP-121 b,transit,ESPRESSO,2020,,,,,,,,,
15,7,3.9,H beta,F Borsa,WASP-121 b,transit,ESPRESSO,2020,,,,,,,,,
16,8,4.0,Mg,F Borsa,WASP-121 b,transit,ESPRESSO,2020,,,,,,,,,
17,9,4.0,Na,F Borsa,WASP-121 b,transit,ESPRESSO,2020,,,,,,,,,
18,10,4.0,H alpha,F Borsa,WASP-121 b,transit,ESPRESSO,2020,,,,,,,,,
19,11,4.0,Li,F Borsa,WASP-121 b,transit,ESPRESSO,2020,,,,,,,,,
20,12,4.0,K,F Borsa,WASP-121 b,transit,ESPRESSO,2020,,,,,,,,,
21,0,5.2,H2O,A Sanchez-Lopez,HD 209458 b,transit,CARMENES,2020,,,,,,,,,
22,0,4.9,Na,S chen,WASP-21 b,transit,HARPS-N,2020,,,,,,,,,
23,0,8.7,Fe,F Yan,WASP-189 b,emission,HARPS-N,2020,,,,,,,,,
24,0,6.4,Fe,S Nugroho,WASP-33 b,emission,Subaru/IRD,2020,,,,,,,,,
25,0,9.0,Fe,J Hoeijmakers,WASP-121 b,transit,HARPS,2020,,,,,,,,,
26,0,9.0,Fe,D Ehrenreich,WASP-76 b,transit,ESPRESSO,2020,,,,,,,,,
27,0,6.0,Fe,M Ben-Yami,WASP-121 b,transit,HARPS,2020,,,,,,,,,
28,1,3.6,Cr,M Ben-Yami,WASP-121 b,transit,HARPS,2020,,,,,,,,,
29,2,4.5,V,M Ben-Yami,WASP-121 b,transit,HARPS,2020,,,,,,,,,
30,3,3.6,Fe+,M Ben-Yami,WASP-121 b,transit,HARPS,2020,,,,,,,,,
31,0,2.4,Na,L Carone,WASP-117 b,transit,ESPRESSO,2020,,,,,,,,,
32,1,2.4,K,L Carone,WASP-117 b,transit,ESPRESSO,2020,,,,,,,,,
33,0,14.43,Fe,S Nugroho,KELT-20 b,transit,"HARPS, CARMENES",2020,,,,,,,,,
34,1,8.35,Ca+,S Nugroho,KELT-20 b,transit,"HARPS, CARMENES",2020,,,,,,,,,
35,2,5.77,Na,S Nugroho,KELT-20 b,transit,"HARPS, CARMENES",2020,,,,,,,,,
36,3,13.47,Fe+,S Nugroho,KELT-20 b,transit,"HARPS, CARMENES",2020,,,,,,,,,
37,0,4.5,Na,wyttenbach,WASP-49 b,transit,HARPS,2016,,,,,,,,,
38,0,6.3,CO,M Brogi,HD 179949 b,emission,CRIRES,2014,,,,,,,,,
39,1,6.3,H2O,M Brogi,HD 179949 b,emission,CRIRES,2014,,,,,,,,,
40,0,0.0,He,K Paragas,HAT-P-18 b,emission,Hale,2021,,,,,,,,,
41,0,5.9,CO,M Brogi,51 Peg b,emission,CRIRES,2013,,,,,,,,,
42,1,5.9,H2O,M Brogi,51 Peg b,emission,CRIRES,2013,,,,,,,,,
43,0,11.6,CO,H Schwarz,GQ Lupi,direct image,CRIRES,2016,True,,,,,,,,
44,1,7.7,H2O,H Schwarz,GQ Lupi,direct image,CRIRES,2016,True,,,,,,,,
45,0,8.2,H2O,E Flowers,HD 189733 b,transit,CRIRES,2019,True,,,,,,,,
46,1,8.2,CO,E Flowers,HD 189733 b,transit,CRIRES,2019,True,,,,,,,,
47,0,5.5,H2O,M Brogi,HD 189733 b,transit,CRIRES,2016,True,,,,,,,,
48,1,5.1,CO,M Brogi,HD 189733 b,transit,CRIRES,2016,True,,,,,,,,
49,0,0.0,Na,T Louden,HD 189733 b,transit,HARPS,2015,True,,,,,,,,
50,0,6.4,H2O,A Sanchez-Lopez,HD 209458 b,transit,CARMENES,2019,,,,,,,,,
51,0,5.6,CO,I Snellen,HD 209458 b,transit,CRIRES,2010,,,,,,,,,
52,0,7.15,Ca+ K,HM Tabernero,WASP-76 b,transit,ESPRESSO,2020,,,,,,,,,
53,1,7.05,Ca+ H,HM Tabernero,WASP-76 b,transit,ESPRESSO,2020,,,,,,,,,
54,2,4.85,Mn,HM Tabernero,WASP-76 b,transit,ESPRESSO,2020,,,,,,,,,
55,3,5.7,Fe,HM Tabernero,WASP-76 b,transit,ESPRESSO,2020,,,,,,,,,
56,4,3.25,Mg,HM Tabernero,WASP-76 b,transit,ESPRESSO,2020,,,,,,,,,
57,5,6.25,Mg b,HM Tabernero,WASP-76 b,transit,ESPRESSO,2020,,,,,,,,,
58,6,7.949999999999999,Na D2,HM Tabernero,WASP-76 b,transit,ESPRESSO,2020,,,,,,,,,
59,7,7.25,Na D1,HM Tabernero,WASP-76 b,transit,ESPRESSO,2020,,,,,,,,,
60,8,4.0,H alpha,HM Tabernero,WASP-76 b,transit,ESPRESSO,2020,,,,,,,,,
61,9,5.050000000000001,Li,HM Tabernero,WASP-76 b,transit,ESPRESSO,2020,,,,,,,,,
62,10,4.75,K,HM Tabernero,WASP-76 b,transit,ESPRESSO,2020,,,,,,,,,
63,0,5.31,H,Aurora Kesseli,WASP-76 b,transit,ESPRESSO,2020,,,,,,,,,
64,1,6.03,Li,Aurora Kesseli,WASP-76 b,transit,ESPRESSO,2020,,,,,,,,,
65,2,10.63,Na,Aurora Kesseli,WASP-76 b,transit,ESPRESSO,2020,,,,,,,,,
66,3,6.94,Mg,Aurora Kesseli,WASP-76 b,transit,ESPRESSO,2020,,,,,,,,,
67,4,4.22,K,Aurora Kesseli,WASP-76 b,transit,ESPRESSO,2020,,,,,,,,,
68,5,7.8,Ca+,Aurora Kesseli,WASP-76 b,transit,ESPRESSO,2020,,,,,,,,,
69,6,8.19,V,Aurora Kesseli,WASP-76 b,transit,ESPRESSO,2020,,,,,,,,,
70,7,6.82,Cr,Aurora Kesseli,WASP-76 b,transit,ESPRESSO,2020,,,,,,,,,
71,8,5.82,Mn,Aurora Kesseli,WASP-76 b,transit,ESPRESSO,2020,,,,,,,,,
72,9,14.24,Fe,Aurora Kesseli,WASP-76 b,transit,ESPRESSO,2020,,,,,,,,,
73,10,4.03,Co,Aurora Kesseli,WASP-76 b,transit,ESPRESSO,2020,,,,,,,,,
74,11,5.01,Ni,Aurora Kesseli,WASP-76 b,transit,ESPRESSO,2020,,,,,,,,,
75,12,5.77,Sr+,Aurora Kesseli,WASP-76 b,transit,ESPRESSO,2020,,,,,,,,,
76,0,12.8,CO,M Line,WASP-77A b,emission,IGRINS,2021,,,,,,,,,
77,1,12.8,H2O,M Line,WASP-77A b,emission,IGRINS,2021,,,,,,,,,
78,0,6.0,CO,allart,Tau bootis b,emission,CRIRES,2012,,,,,,,,,
79,0,3.4,CO,allart,Tau bootis b,emission,CRIRES,2012,,,,,,,,,
80,0,0.0,Na,J Seidel,WASP-76 b,transit,HARPS,2021,,,,,,,,,
81,0,10.6,Na,J Seidel,WASP-76 b,transit,,2021,,,,,,,,,
82,0,0.0,CO,R de Kok,HD 189733 b,emission,CRIRES,2013,,,,,,,,,
83,0,8.0,Na,Zak,WASP-76 b,emission,HARPS,2019,,,,,,,,,
84,0,6.1,OH,R Landman,WASP-76 b,transit,CARMENES,2021,,,,,,,,,
85,0,6.4,CO,I Snellen,Beta pic b,emission,CRIRES,2014,,parameterized forward model,,,,,,,
86,1,2.0,H2O,I Snellen,Beta pic b,emission,CRIRES,2014,,parameterized forward model,,,,,,,
88,0,7.4,CO,Van Sluijs,WASP-33 b,emission,MMT,2022,,,,,,,,,
89,0,0.0,CO,pelletier,Tau bootis b,transit,SPIRou,2021,,,,,,,,,
90,0,0.0,Fe,kasper,WASP-76 b,transit,MAROON-X,2021,,retrieval,,,,,,,
91,1,0.0,Fe+,kasper,WASP-76 b,transit,MAROON-X,2021,,retrieval,,,,,,,
92,2,0.0,Ti+,kasper,WASP-76 b,transit,MAROON-X,2021,,retrieval,,,,,,,
93,3,0.0,Ca+,kasper,WASP-76 b,transit,MAROON-X,2021,,retrieval,,,,,,,
94,4,0.0,Mg,kasper,WASP-76 b,transit,MAROON-X,2021,,retrieval,,,,,,,
95,0,7.0,Fe,J Hoeijmakers,KELT-9 b,transit,HARPS,2018,,,,,,,,,
96,1,14.0,Fe+,J Hoeijmakers,KELT-9 b,transit,HARPS,2018,,,,,,,,,
97,2,9.0,Ti+,J Hoeijmakers,KELT-9 b,transit,HARPS,2018,,,,,,,,,
98,0,5.0,Na,J Hoeijmakers,KELT-9 b,transit,HARPS,2019,,,,,,,,,
99,1,5.0,Mg,J Hoeijmakers,KELT-9 b,transit,HARPS,2019,,,,,,,,,
100,2,5.0,Sc+,J Hoeijmakers,KELT-9 b,transit,HARPS,2019,,,,,,,,,
101,3,5.0,Ti+,J Hoeijmakers,KELT-9 b,transit,HARPS,2019,,,,,,,,,
102,4,5.0,Cr+,J Hoeijmakers,KELT-9 b,transit,HARPS,2019,,,,,,,,,
103,5,5.0,Fe,J Hoeijmakers,KELT-9 b,transit,HARPS,2019,,,,,,,,,
104,6,5.0,Fe+,J Hoeijmakers,KELT-9 b,transit,HARPS,2019,,,,,,,,,
105,7,5.0,Y+,J Hoeijmakers,KELT-9 b,transit,HARPS,2019,,,,,,,,,
106,0,3.0,H2O,M Brogi,HD 179949 b,emission,CRIRES,2014,,,,,,,,,
107,0,7.8,Mg,Cauley,KELT-9 b,transit,PEPSI,2019,,,,,,,,,
108,1,5.0,Fe,Cauley,KELT-9 b,transit,PEPSI,2019,,,,,,,,,
109,2,5.0,Fe+,Cauley,KELT-9 b,transit,PEPSI,2019,,,,,,,,,
110,3,5.0,Ti+,Cauley,KELT-9 b,transit,PEPSI,2019,,,,,,,,,
111,4,5.0,H alpha,Cauley,KELT-9 b,transit,PEPSI,2019,,,,,,,,,
112,5,5.0,H beta,Cauley,KELT-9 b,transit,PEPSI,2019,,,,,,,,,
113,0,0.0,H alpha,Turner,KELT-9 b,transit,CARMENES,2020,,,,,,,,,
114,0,0.0,Ca+,Diebert,WASP-76 b,transit,CARMENES,2021,,,,,,,,,
115,0,0.0,Fe,L Pino,KELT-9 b,transit,HARPS,2020,,,,,,,,,
116,0,0.0,Ca+,F Yan,KELT-9 b,transit,CARMENES,2019,,,,,,,,,
117,0,10.4,Fe,M Herman,WASP-33 b,emission,"ESPaDOnS, HDS",2022,,,,,,,,,
118,0,7.3,Fe,S Nugroho,WASP-33 b,emission,CARMENES,2022,,,,,,,,,
119,1,4.9,TiO,S Nugroho,WASP-33 b,emission,CARMENES,2022,,,,,,,,,
120,0,5.4,Si,cont,KELT-20 b,emission,CARMENES,2022,,,,,,,,,
121,0,0.0,Na,Santos,HD 209458 b,transit,ESPRESSO,2020,,,,,,,,,
122,1,0.0,K,Santos,HD 209458 b,transit,ESPRESSO,2020,,,,,,,,,
123,0,0.0,He,mansfield,HAT-P-11 b,transit,CARMENES,2018,,,,,,,,,
124,0,9.0,Na,Allart,WASP-127 b,transit,ESPRESSO,2020,,,,,,,,,
125,0,9.0,Na,Santos,WASP-127 b,transit,CARMENES,2020,,,,,,,,,
126,0,0.0,H alpha,Cauley,WASP-33 b,transit,PEPSI,2021,,,,,,,,,
127,0,3.2,Na,deibert,HAT-P-12 b,transit,HDS,2019,,,,,,,,,
128,0,9.0,K,keles,HD 189733 b,transit,PEPSI,2019,,,,,,,,,
129,0,5.2,Fe,cabot,TOI-1518 b,emission,EXPRES,2021,,,,,,,,,
130,1,3.4,Fe+,cabot,TOI-1518 b,emission,EXPRES,2021,,,,,,,,,
131,0,7.9,Na,khalafinejad,WASP-69 b,transit,CARMENES,2021,,,,,,,,,
132,0,4.4,H2O,guilluy,HD 102195 b,emission,GIANO,2018,,,,,,,,,
133,1,4.1,CH4,guilluy,HD 102195 b,emission,GIANO,2018,,,,,,,,,
134,0,25.0,He,guilluy,HD 189733 b,transit,GIARPS,2020,,,,,,,,,
135,0,9.6,H2O,guilluy,HD 209458 b,emission,GIANO-B,2020,,,False,parameterized model grid,PCA,https://link.springer.com/content/pdf/10.1007/s10686-021-09824-7.pdf,,,
136,1,5.5,CO,guilluy,HD 209458 b,emission,GIANO-B,2020,,,False,parameterized model grid,PCA,https://link.springer.com/content/pdf/10.1007/s10686-021-09824-7.pdf,,,
137,2,9.9,HCN,guilluy,HD 209458 b,emission,GIANO-B,2020,,,False,parameterized model grid,PCA,https://link.springer.com/content/pdf/10.1007/s10686-021-09824-7.pdf,,,
138,3,5.6,CH4,guilluy,HD 209458 b,emission,GIANO-B,2020,,,False,parameterized model grid,PCA,https://link.springer.com/content/pdf/10.1007/s10686-021-09824-7.pdf,,,
139,4,5.3,NH3,guilluy,HD 209458 b,emission,GIANO-B,2020,,,False,parameterized model grid,PCA,https://link.springer.com/content/pdf/10.1007/s10686-021-09824-7.pdf,,,
140,5,6.1,C2H2,guilluy,HD 209458 b,emission,GIANO-B,2020,,,False,parameterized model grid,PCA,https://link.springer.com/content/pdf/10.1007/s10686-021-09824-7.pdf,,,
142,0,5.1,Fe,F Stangret,WASP-189 b,transit,HARPS-N,2021,,,,,,,,,
143,1,5.4,Fe+,F Stangret,WASP-189 b,transit,HARPS-N,2021,,,,,,,,,
144,2,4.2,Ti,F Stangret,WASP-189 b,transit,HARPS-N,2021,,,,,,,,,
145,3,0.0,H alpha,F Stangret,WASP-189 b,transit,HARPS-N,2021,,,,,,,,,
146,4,0.0,H beta,F Stangret,WASP-189 b,transit,HARPS-N,2021,,,,,,,,,
147,5,0.0,Ca H&K,F Stangret,WASP-189 b,transit,HARPS-N,2021,,,,,,,,,
148,0,0.0,He,nortmann,WASP-69 b,transit,CARMENES,2018,,,,,,,,,
149,0,0.0,He,salz,HD 189733 b,transit,PEPSI,2018,,,,,,,,,
150,0,5.0,Na,casasayas_barris,WASP-69 b,transit,HARPS-N,2017,,,,,,,,,
151,0,0.0,Ca+,casasayas_barris,KELT-20 b,transit,HARPS,2018,,,,,,,,,
152,1,0.0,Fe+,casasayas_barris,KELT-20 b,transit,HARPS,2018,,,,,,,,,
153,2,0.0,Na,casasayas_barris,KELT-20 b,transit,HARPS,2018,,,,,,,,,
154,3,0.0,H,casasayas_barris,KELT-20 b,transit,HARPS,2018,,,,,,,,,
155,0,18.0,He,palle,GJ 3470 b,transit,CARMENES,2020,,,,,,,,,
156,0,0.0,H2O,Brogi,HD 209458 b,transit,CRIRES,2017,False,,False,joint,,https://ui.adsabs.harvard.edu/abs/2017ApJ...839L...2B/abstract,,,
157,1,0.0,CO,Brogi,HD 209458 b,transit,CRIRES,2017,False,,False,joint,,https://ui.adsabs.harvard.edu/abs/2017ApJ...839L...2B/abstract,,,
158,0,0.0,He,Allart,HAT-P-11 b,transit,CARMENES,2018,,,,,,,,,
159,0,0.0,He,allart,WASP-107 b,transit,CARMENES,2018,,,,,,,,,
160,0,0.0,He,alonso_floriano,HD 209458 b,transit,CARMENES,2019,,,,,,,,,
161,0,9.6,H2O,Giacobbe,HD 209458 b,transit,GIANO-B,2021,,,,,,,,,
162,1,5.6,CH4,Giacobbe,HD 209458 b,transit,GIANO-B,2021,,,,,,,,,
163,2,5.3,NH3,Giacobbe,HD 209458 b,transit,GIANO-B,2021,,,,,,,,,
164,3,5.5,CO,Giacobbe,HD 209458 b,transit,GIANO-B,2021,,,,,,,,,
165,4,9.9,HCN,Giacobbe,HD 209458 b,transit,GIANO-B,2021,,,,,,,,,
166,5,6.1,C2H2,Giacobbe,HD 209458 b,transit,GIANO-B,2021,,,,,,,,,
168,0,0.0,He,kirk,WASP-107 b,transit,NIRSPEC,2020,,,,,,,,,
169,0,3.5,Sc+,S Merritt,WASP-121 b,transit,UVES,2021,,,,,,,,,
170,1,3.5,Fe,S Merritt,WASP-121 b,transit,UVES,2021,,,,,,,,,
171,2,3.5, Ca,S Merritt,WASP-121 b,transit,UVES,2021,,,,,,,,,
172,3,3.5,Cr,S Merritt,WASP-121 b,transit,UVES,2021,,,,,,,,,
173,4,3.5,V,S Merritt,WASP-121 b,transit,UVES,2021,,,,,,,,,
174,5,3.5,H,S Merritt,WASP-121 b,transit,UVES,2021,,,,,,,,,
175,6,3.5,K,S Merritt,WASP-121 b,transit,UVES,2021,,,,,,,,,
176,0,0.0,Na,langveld,WASP-69 b,transit,HARPS,2022,,,,,,,,,
177,0,0.0,Na,langveld,HD 189733 b,transit,HARPS,2022,,,,,,,,,
178,0,0.0,Na,langveld,WASP-49 b,transit,HARPS,2022,,,,,,,,,
179,0,0.0,Na,langveld,WASP-79 b,transit,HARPS,2022,,,,,,,,,
180,0,0.0,Na,langveld,KELT-20 b,transit,HARPS,2022,,,,,,,,,
181,0,0.0,Na,langveld,WASP-121 b,transit,HARPS,2022,,,,,,,,,
182,0,0.0,Na,langveld,WASP-189 b,transit,HARPS,2022,,,,,,,,,
183,0,0.0,H2O,Gandhi,HD 209458 b,transit,CRIRES,2019,True,,False,retrieval,,https://ui.adsabs.harvard.edu/abs/2019AJ....158..228G/abstract,,,
184,1,0.0,CO,Gandhi,HD 209458 b,transit,CRIRES,2019,True,,False,retrieval,,https://ui.adsabs.harvard.edu/abs/2019AJ....158..228G/abstract,,,
185,0,0.0,Fe,Gandhi,WASP-76 b,transit,ESPRESSO,2022,True,,False,"retrieval, 2D",,https://ui.adsabs.harvard.edu/abs/2022MNRAS.515..749G/abstract,-4.33,0.26,0.27
186,0,0.0,Na,langveld,KELT-9 b,transit,HARPS,2022,,,,,,,,,
187,0,0.0,H2O,Brogi,HD 209458 b,transit,CRIRES,2019,True,,False,retrieval,,,,,
188,1,0.0,CO,Brogi,HD 209458 b,transit,CRIRES,2019,True,,False,retrieval,,,,,
189,0,0.0,H2O,Brogi,HD 189733 b,transit,CRIRES,2019,True,,False,retrieval,,,,,
190,1,0.0,CO,Brogi,HD 189733 b,transit,CRIRES,2019,True,,False,retrieval,,,,,
191,0,5.5,H2O,Brogi,HD 189733 b,transit,GIANO,2018,,,True,parameterized forward model,,https://ui.adsabs.harvard.edu/abs/2018A%26A...615A..16B/abstract,,,
192,0,0.0,H2O,webb,Tau bootis b,transit,CARMENES,2022,,,,,,,,,
193,0,9.94,H2O,carleo,WASP-80 b,transit,GIANO-B,2022,,,,,,,,,
194,1,4.08,CH4,carleo,WASP-80 b,transit,GIANO-B,2022,,,,,,,,,
195,2,7.73,NH3,carleo,WASP-80 b,transit,GIANO-B,2022,,,,,,,,,
196,3,4.3,HCN,carleo,WASP-80 b,transit,GIANO-B,2022,,,,,,,,,
197,0,6.3,CH4,guilluy,KELT-7 b,transit,horus,2022,,,,,,,,,
198,1,5.4,NH3,guilluy,KELT-7 b,transit,horus,2022,,,,,,,,,
199,2,7.0,CO,guilluy,KELT-7 b,transit,horus,2022,,,,,,,,,
200,3,4.5,C2H2,guilluy,KELT-7 b,transit,horus,2022,,,,,,,,,
201,4,5.0,H2O,guilluy,KELT-7 b,transit,horus,2022,,,,,,,,,
202,0,0.0,Fe,bourrier,WASP-121 b,transit,HARPS,2020,,,,,,,,,
203,0,,H alpha,F Borsa,WASP-33 b,transit,HARPS,2021,,,,,,,,,
204,1,,H beta,F Borsa,WASP-33 b,transit,HARPS,2021,,,,,,,,,
205,0,0.0,H2O,wang,HR 8799c,emission,NIRSPEC,2018,,,,,,,,,
206,0,8.0,Cr,prinoth,WASP-189 b,transit,HARPS,2021,,,,,,,,,
207,1,17.0,Fe,prinoth,WASP-189 b,transit,HARPS,2021,,,,,,,,,
208,2,14.0,Fe,prinoth,WASP-189 b,transit,HARPS,2021,,,,,,,,,
209,3,8.1,Mg,prinoth,WASP-189 b,transit,HARPS,2021,,,,,,,,,
210,4,6.5,Mn,prinoth,WASP-189 b,transit,HARPS,2021,,,,,,,,,
211,5,8.7,Ti,prinoth,WASP-189 b,transit,HARPS,2021,,,,,,,,,
212,6,9.7,Ti+,prinoth,WASP-189 b,transit,HARPS,2021,,,,,,,,,
213,7,5.6,TiO,prinoth,WASP-189 b,transit,HARPS,2021,,,,,,,,,
214,8,6.2,VO,prinoth,WASP-189 b,transit,HARPS,2021,,,,,,,,,
215,9,4.4,Ca,prinoth,WASP-189 b,transit,HARPS,2021,,,,,,,,,
216,10,3.9,Ca+,prinoth,WASP-189 b,transit,HARPS,2021,,,,,,,,,
217,11,3.2,Na,prinoth,WASP-189 b,transit,HARPS,2021,,,,,,,,,
218,12,4.4,Ni,prinoth,WASP-189 b,transit,HARPS,2021,,,,,,,,,
219,13,3.0,Sc,prinoth,WASP-189 b,transit,HARPS,2021,,,,,,,,,
220,0,24.6,H alpha,wyttenbach,KELT-9 b,transit,HARPS,2020,,,,,,,,,
221,0,4.5,Na,wyttenbach,WASP-49 b,transit,HARPS,2017,,,,,,,,,
222,0,0.0,CO,zhang,TYC 8998-760-1 b,transit,SPIRou,2021,,,,,,,,,
223,0,,,Scandariato,51 Peg b,reflected light,"HARPS, HARPS-N",2020,,,True,stellar spectrum,,,,,
224,0,,He,fossati,WASP-80 b,transit,"HARPS-N, GIANO-B",2021,,,True,self-consistent forward models,airmass detrending,https://www.aanda.org/articles/aa/abs/2022/02/aa42336-21/aa42336-21.html,,,
225,0,,H2O,Allart,HD 189733 b,transit,HARPS,2017,,,True,self-consistent forward models,molecfit,https://www.aanda.org/articles/aa/pdf/2017/10/aa30814-17.pdf,,,
226,0,6.6,H2O,alonso-floriano,HD 189733 b,transit,CARMENES,2022,,,True,self-consistent forward models,sysrem,https://www.aanda.org/articles/aa/abs/2019/01/aa34339-18/aa34339-18.html,,,
227,0,0.0,Na,kawauchi,WASP-76 b,transit,HDS,2022,,,True,line-fitting,,https://academic.oup.com/pasj/article-abstract/74/2/225/6516560?login=true,,,
228,0,,,coustenis,51 Peg b,emission,CSHELL,1998,,,True,line-fitting,,https://adsabs.harvard.edu/pdf/1998ASPC..134..296C,,,
230,0,3.0,,martins,51 Peg b,reflected light,CARMENES,2014,,,True,stellar mask,,https://www.aanda.org/articles/aa/abs/2015/04/aa25298-14/aa25298-14.html,,,
231,0,4.8,TiO,nugroho,WASP-33 b,transit,HDS,2017,,,True,parameterized forward model,sysrem,https://ui.adsabs.harvard.edu/abs/2017AJ....154..221N/abstract,,,
232,0,3.0,Na,redfield,HD 189733 b,transit,HRS,2008,,,True,line-fitting,,https://iopscience.iop.org/article/10.1086/527475/pdf,,,
233,0,0.0,Na,Pino,HD 189733 b,transit,HARPS,2018,,,False,parameterized forward model,,https://www.aanda.org/articles/aa/pdf/2018/04/aa31244-17.pdf,,,
234,0,,TiO,Herman,WASP-33 b,emission,ESPaDOnS,2020,,,True,parameterized forward model,sysrem,https://iopscience.iop.org/article/10.3847/1538-3881/ab9e77/meta,,,
235,0,,TiO,charbonneau,Tau bootis b,emission,Keck Hires,1999,,,True,stellar spectrum,,https://iopscience.iop.org/article/10.1086/312234/pdf,,,
236,0,0.0,CO,Flagg,CI Tau b,direct imaging,IGRINS,2019,,,True,A0V spectrum,,https://iopscience.iop.org/article/10.3847/2041-8213/ab276d/pdf,,,
237,0,0.0,Na,Borsa,HD 189733 b,transit,HARPS,2018,,,False,stellar mask,,https://www.aanda.org/articles/aa/pdf/2018/09/aa33415-18.pdf,,,
238,0,0.0,Na,Langveld,HD 189733 b,transit,HARPS,2018,,,False,line-fitting,,https://watermark.silverchair.com/stab134.pdf?token=AQECAHi208BE49Ooan9kkhW_Ercy7Dm3ZL_9Cf3qfKAc485ysgAAAt4wggLaBgkqhkiG9w0BBwagggLLMIICxwIBADCCAsAGCSqGSIb3DQEHATAeBglghkgBZQMEAS4wEQQMBM2cJ2X9IORpILKRAgEQgIICkVMrNKmiH8LX4E1uSrLFinWSPM21KLDLtgOUCS40Z_e2chejMv6w2WXc7Lv9_pPbd-3rlZqOu68zXtuqGK3Luhu_TDNHPi56druaDdYQpYxtvF4oVfVR1jA13t8BpJnGlepa5S1nh4Vf4YrpxJhK4HBZ0c_VKzxXYfyUEvHaLCurk3_cn4txUSQwMz3LB731T0dClu1seivQAa4isionIMysQDeOJuj3OYevVnhGtvkTcySmMhWbqaUNQ3frh-qlmFWsdzy0-Un223EIethrIzCk6OVrFzG7ArTzqR16PDblEa6GATs5tAfYuaKdgSGCQSnDL_FI7hh_cRZNrunvpYqd82qslRyeGCJESlh7ulm-D-p2Rw7Z00Wl6cpMFzFZwxDK91VBjXEUYNXbYdczkhtwO3LXC4l9GhDFD76kPfsZMRSHnPBtbwu6mquW3zvqTKntu4-BG404PZiKnFYYwu7k8egJyZIdECChUAOlP354LM2Zwmyh4yU8M8frhm5tHXczfGzE5L53T36gvLRk8pU6FLR-ePlSmibewNOFmYBHO5s2toFYtNQVqGvXKAghndcKwqOtTKd1-MZZYpSRbLURzV5ltzgjHMSqYYvhJ0jmV4XI0Dk6W4RreyxQAbtl20todi01K4hcPjxJnKfqzs7LVexl9_hui7Zrzp1NaKgVEEn8OrR6OsQSjtoGrJQ-33IxTkKFhVjkMk_QEN5YRNAkYPoeasX44_aLv3g41X3XP8K61rYzNmxyQP-Q-4NkLbNvPY5d9Qm0jS728YmaisSxAC2lEXhvMkwlOOHmXKkylRPEwYDSGdsBQFNchvMXJ-qLwGgWPD0RBXvLIxVluCqsFwUzLBdWvhVGB0YmdY8Q2w,,,
239,0,,TiO,Merritt,WASP-121 b,transit,HARPS,2020,,,False,parameterized forward models,sysrem,https://www.aanda.org/articles/aa/pdf/2020/04/aa37409-19.pdf,,,
240,1,,VO,Merritt,WASP-121 b,transit,HARPS,2020,,,False,parameterized forward models,sysrem,https://www.aanda.org/articles/aa/pdf/2020/04/aa37409-19.pdf,,,
241,0,,FeH,kesseli,GJ 436 b,transit,CARMENES,2020,,,False,parameterized forward models,sysrem,https://iopscience.iop.org/article/10.3847/1538-3881/abb59c/pdf,,,
242,0,,FeH,kesseli,HAT-P-11 b,transit,CARMENES,2020,,,False,parameterized forward models,sysrem,https://iopscience.iop.org/article/10.3847/1538-3881/abb59c/pdf,,,
243,0,4.4,Ti,Ishizuka,HD 149026b,transit,Subaru/IRD,2021,,,True,isothermal forward models,sysrem,https://iopscience.iop.org/article/10.3847/1538-3881/abdb25/pdf,,,
244,1,2.8,Fe,Ishizuka,HD 149026b,transit,Subaru/IRD,2021,,,True,isothermal forward models,sysrem,https://iopscience.iop.org/article/10.3847/1538-3881/abdb25/pdf,,,
247,0,,FeH,kesseli,WASP-107 b,transit,CARMENES,2020,,,False,parameterized forward models,sysrem,https://iopscience.iop.org/article/10.3847/1538-3881/abb59c/pdf,,,
248,0,,FeH,Kesseli,WASP-69 b,transit,CARMENES,2020,,,False,parameterized forward models,sysrem,https://iopscience.iop.org/article/10.3847/1538-3881/abb59c/pdf,,,
249,0,,FeH,Kesseli,HD 189733 b,transit,CARMENES,2020,,,False,parameterized forward models,sysrem,https://iopscience.iop.org/article/10.3847/1538-3881/abb59c/pdf,,,
250,0,,FeH,Kesseli,HD 209458 b,transit,CARMENES,2020,,,False,parameterized forward models,sysrem,https://iopscience.iop.org/article/10.3847/1538-3881/abb59c/pdf,,,
251,0,,FeH,Kesseli,HAT-P-32A b,transit,CARMENES,2020,,,False,parameterized forward models,sysrem,https://iopscience.iop.org/article/10.3847/1538-3881/abb59c/pdf,,,
252,0,,FeH,Kesseli,WASP-76 b,transit,CARMENES,2020,,,False,parameterized forward models,sysrem,https://iopscience.iop.org/article/10.3847/1538-3881/abb59c/pdf,,,
253,0,,FeH,Kesseli,HAT-P-57 b,transit,CARMENES,2020,,,False,parameterized forward models,sysrem,https://iopscience.iop.org/article/10.3847/1538-3881/abb59c/pdf,,,
254,0,,FeH,Kesseli,KELT-9 b,transit,CARMENES,2020,,,False,parameterized forward models,sysrem,https://iopscience.iop.org/article/10.3847/1538-3881/abb59c/pdf,,,
255,0,3.0,FeH,Kesseli,WASP-33 b,transit,CARMENES,2020,,,False,parameterized forward models,sysrem,https://iopscience.iop.org/article/10.3847/1538-3881/abb59c/pdf,,,
256,0,3.0,FeH,Kesseli,MASCARA-2 b,transit,CARMENES,2020,,,False,parameterized forward models,sysrem,https://iopscience.iop.org/article/10.3847/1538-3881/abb59c/pdf,,,
257,0,4.8,H2O,cabot,HD 189733 b,transmission,CRIRES,2019,,,False,PHOENIX stellar spectrum,sysrem and airmass detrending,https://academic.oup.com/mnras/article/482/4/4422/5173097,,,
258,1,4.7,CO,cabot,HD 189733 b,transmission,CRIRES,2019,,,False,PHOENIX stellar spectrum,sysrem and airmass detrending,https://academic.oup.com/mnras/article/482/4/4422/5173097,,,
259,2,5.0,HCN,cabot,HD 189733 b,transmission,CRIRES,2019,,,False,PHOENIX stellar spectrum,sysrem and airmass detrending,https://academic.oup.com/mnras/article/482/4/4422/5173097,,,
260,0,,,J Hoeijmakers,tau boo,reflected light,HARPS-N,2017,,,False,PHOENIX stellar spectrum,sysrem,https://iopscience.iop.org/article/10.3847/1538-3881/abb59c/pdf,,,
261,0,6.89,CO,rasmussen,HD 179949,emission,CRIRES,2022,,,False,3D forward model: GCM,airmass detrending,https://iopscience.iop.org/article/10.3847/1538-3881/ac6bfa/meta#ajac6bfas4,,,
262,1,6.89,H2O,rasmussen,HD 179949,emission,CRIRES,2022,,,False,3D forward model: GCM,airmass detrending,https://iopscience.iop.org/article/10.3847/1538-3881/ac6bfa/meta#ajac6bfas4,,,
263,0,9.71,CO,rasmussen,HD 209458 b,emission,CRIRES,2022,,,False,3D forward model: GCM,airmass detrending,https://iopscience.iop.org/article/10.3847/1538-3881/ac6bfa/meta#ajac6bfas4,,,
264,0,0.0,H2O,konopacky,HR 8799 c,direct imaging,OSIRIS,2013,,,True,parameterized models,sysrem,https://www.science.org/doi/full/10.1126/science.1232003?casa_token=Pbo4WwD8tOUAAAAA%3AbT1-OkoIrFlc-RaWQBW9YbyXbuJst825y64bXNqlIunXP8vVGs1OBriBwruR5VJq1F1Q_lzlixG-dA,,,
265,1,0.0,CO,konopacky,HR 8799 c,direct imaging,OSIRIS,2013,,,True,parameterized models,sysrem,https://www.science.org/doi/full/10.1126/science.1232003?casa_token=Pbo4WwD8tOUAAAAA%3AbT1-OkoIrFlc-RaWQBW9YbyXbuJst825y64bXNqlIunXP8vVGs1OBriBwruR5VJq1F1Q_lzlixG-dA,,,
266,2,,CH4,konopacky,HR 8799 c,direct imaging,OSIRIS,2013,,,True,parameterized models,sysrem,https://www.science.org/doi/full/10.1126/science.1232003?casa_token=Pbo4WwD8tOUAAAAA%3AbT1-OkoIrFlc-RaWQBW9YbyXbuJst825y64bXNqlIunXP8vVGs1OBriBwruR5VJq1F1Q_lzlixG-dA,,,
267,0,,H2O,meech,MASCARA-1 b,emission,CRIRES+,2022,,,True,self-consistent model grid,"Gaussian process, airmass scaling",https://watermark.silverchair.com/stac662.pdf?token=AQECAHi208BE49Ooan9kkhW_Ercy7Dm3ZL_9Cf3qfKAc485ysgAAAt4wggLaBgkqhkiG9w0BBwagggLLMIICxwIBADCCAsAGCSqGSIb3DQEHATAeBglghkgBZQMEAS4wEQQM586S3vBn3hD2IW3IAgEQgIICkV_2Ygr2PZFvBawAxYi1e5JEbYS-lajeX70_rDZQ6AvoWRzhbFrTV8lrRgDKhP2PFrW63YLExAsxb3NeJxY4OIv4M6-IaMpnvmcjnDjjh3osEwyKSlUc48gwSCGlC4i1kaAC2N3Cct8PjosdjuThVmM-k3qbogHm2YrTtnHDatMrSZLXgSFt0y_E8RqN7wdMjRwdq23_9aIwRYON-GpqrTsGeJjr2_hmxEM50Zed1tTv1YynGJ8LQNxgLyiOwmUc1WH8F-8JgDkuD3r6663qaGLWr8ntBDRK9GKOEF2gbnoGvZBEunZ9N6AMktAsxWeMzDI6y_HsJ-aXzNLSXI_jehGfmN2NHmM5PcqFqcIGFFfWmO52BwfSf7QRtHfCQFHr89JA55p8VVEUppvHLG1f0PhAM24wYIe2SaXRx40_zKbbjr_Ocgl5KK3ERx01KFm99Q9JjccszyGV_TgH2bu52FpSWJ1YbL8c7Qawz_ujaDKuhFYVHGGauJ3g0J6D8CN--orJ_hDe3olVZIIhfiRVFdH2MtInfZmgeJoZZxdoSfb3ZjZCMzl6Njv3acF7ysJwFwMI9fX33L3D2h_E8LLy_93PvlHoAlkXNOyuBkib3BRepBv2tdketXYm4-6ju7RSYahWXZ6kkd6bjlFV1AEyaiOJiHUiUSssrG2Xr7CzWqzcamsl4q8gXS1724Iglw7dDZxER_Jz0l_c8c29r0R1P_OHQDZwFC20HatcIAQNZYhHzD7j7QkJDH6qn4zvsIlMzdv5V92Kg9J6J6p6tcghYJnyyWasOkFreWfZNgRz_3NgR4D9dxnFkuKEc9bombqscf5u-_UGHb7N4ODSzCyw-Y3fRMv73PUUFpVwsYeQquW3Eg,,,
268,1,,CO2,meech,MASCARA-1 b,emission,CRIRES+,2022,,,True,self-consistent model grid,"Gaussian process, airmass scaling",https://watermark.silverchair.com/stac662.pdf?token=AQECAHi208BE49Ooan9kkhW_Ercy7Dm3ZL_9Cf3qfKAc485ysgAAAt4wggLaBgkqhkiG9w0BBwagggLLMIICxwIBADCCAsAGCSqGSIb3DQEHATAeBglghkgBZQMEAS4wEQQM586S3vBn3hD2IW3IAgEQgIICkV_2Ygr2PZFvBawAxYi1e5JEbYS-lajeX70_rDZQ6AvoWRzhbFrTV8lrRgDKhP2PFrW63YLExAsxb3NeJxY4OIv4M6-IaMpnvmcjnDjjh3osEwyKSlUc48gwSCGlC4i1kaAC2N3Cct8PjosdjuThVmM-k3qbogHm2YrTtnHDatMrSZLXgSFt0y_E8RqN7wdMjRwdq23_9aIwRYON-GpqrTsGeJjr2_hmxEM50Zed1tTv1YynGJ8LQNxgLyiOwmUc1WH8F-8JgDkuD3r6663qaGLWr8ntBDRK9GKOEF2gbnoGvZBEunZ9N6AMktAsxWeMzDI6y_HsJ-aXzNLSXI_jehGfmN2NHmM5PcqFqcIGFFfWmO52BwfSf7QRtHfCQFHr89JA55p8VVEUppvHLG1f0PhAM24wYIe2SaXRx40_zKbbjr_Ocgl5KK3ERx01KFm99Q9JjccszyGV_TgH2bu52FpSWJ1YbL8c7Qawz_ujaDKuhFYVHGGauJ3g0J6D8CN--orJ_hDe3olVZIIhfiRVFdH2MtInfZmgeJoZZxdoSfb3ZjZCMzl6Njv3acF7ysJwFwMI9fX33L3D2h_E8LLy_93PvlHoAlkXNOyuBkib3BRepBv2tdketXYm4-6ju7RSYahWXZ6kkd6bjlFV1AEyaiOJiHUiUSssrG2Xr7CzWqzcamsl4q8gXS1724Iglw7dDZxER_Jz0l_c8c29r0R1P_OHQDZwFC20HatcIAQNZYhHzD7j7QkJDH6qn4zvsIlMzdv5V92Kg9J6J6p6tcghYJnyyWasOkFreWfZNgRz_3NgR4D9dxnFkuKEc9bombqscf5u-_UGHb7N4ODSzCyw-Y3fRMv73PUUFpVwsYeQquW3Eg,,,
269,0,5.3,H2O,holmberg,MASCARA-1 b,emission,CRIRES+,2022,,,True,self-consistent model grid,ESO sky model,https://iopscience.iop.org/article/10.3847/1538-3881/ac77eb/meta,,,
270,1,12.9,CO,holmberg,MASCARA-1 b,emission,CRIRES+,2022,,,True,self-consistent model grid,ESO sky model,https://iopscience.iop.org/article/10.3847/1538-3881/ac77eb/meta,,,
271,0,,H2O,cubillos,HD 217107,emission,Phoenix,2011,,,True,self-consistent model grid,masking (?),https://www.aanda.org/articles/aa/abs/2011/05/aa15802-10/aa15802-10.html,,,
272,0,,Na,seidel,WASP-127 b,transit,HARPS,2020,,,True,self-consistent model grid,masking (?),https://www.aanda.org/articles/aa/pdf/2020/11/aa39058-20.pdf,,,
273,0,3.2,TiO,sedaghati,WASP-19 b,transit,ESPRESSO,2021,,,True,self-consistent forward models,ATRAN,https://academic.oup.com/mnras/article-abstract/505/1/435/6247610?redirectedFrom=PDF,,,
274,1,,Fe,sedaghati,WASP-19 b,transit,ESPRESSO,2021,,,True,self-consistent forward models,ATRAN,https://academic.oup.com/mnras/article-abstract/505/1/435/6247610?redirectedFrom=PDF,,,
275,0,5.0,CO,J Wang,HR 8799 e,direct imaging,Keck Planet Imager and Characterizer,2021,,,True,self-consistent forward models,ATRAN,https://iopscience.iop.org/article/10.3847/1538-3881/ac1349/pdf,,,
276,1,5.0,H2O,J Wang,HR 8799 e,direct imaging,Keck Planet Imager and Characterizer,2021,,,True,self-consistent forward models,ATRAN,https://iopscience.iop.org/article/10.3847/1538-3881/ac1349/pdf,,,
277,2,,CH4,J Wang,HR 8799 e,direct imaging,Keck Planet Imager and Characterizer,2021,,,True,self-consistent forward models,ATRAN,https://iopscience.iop.org/article/10.3847/1538-3881/ac1349/pdf,,,
278,0,5.0,CO,J Wang,HR 8799 c,direct imaging,Keck Planet Imager and Characterizer,2021,,,True,self-consistent forward models,ATRAN,https://iopscience.iop.org/article/10.3847/1538-3881/ac1349/pdf,,,
279,1,6.0,H2O,J Wang,HR 8799 c,direct imaging,Keck Planet Imager and Characterizer,2021,,,True,self-consistent forward models,ATRAN,https://iopscience.iop.org/article/10.3847/1538-3881/ac1349/pdf,,,
280,2,,CH4,J Wang,HR 8799 c,direct imaging,Keck Planet Imager and Characterizer,2021,,,True,self-consistent forward models,ATRAN,https://iopscience.iop.org/article/10.3847/1538-3881/ac1349/pdf,,,
281,0,5.0,CO,J Wang,HR 8799 d,direct imaging,Keck Planet Imager and Characterizer,2021,,,True,self-consistent forward models,ATRAN,https://iopscience.iop.org/article/10.3847/1538-3881/ac1349/pdf,,,
282,1,5.0,H2O,J Wang,HR 8799 d,direct imaging,Keck Planet Imager and Characterizer,2021,,,True,self-consistent forward models,ATRAN,https://iopscience.iop.org/article/10.3847/1538-3881/ac1349/pdf,,,
283,2,,CH4,J Wang,HR 8799 d,direct imaging,Keck Planet Imager and Characterizer,2021,,,True,self-consistent forward models,ATRAN,https://iopscience.iop.org/article/10.3847/1538-3881/ac1349/pdf,,,
284,0,3.0,CO,J Wang,HR 8799 b,direct imaging,Keck Planet Imager and Characterizer,2021,,,True,self-consistent forward models,ATRAN,https://iopscience.iop.org/article/10.3847/1538-3881/ac1349/pdf,,,
285,1,3.0,H2O,J Wang,HR 8799 b,direct imaging,Keck Planet Imager and Characterizer,2021,,,True,self-consistent forward models,ATRAN,https://iopscience.iop.org/article/10.3847/1538-3881/ac1349/pdf,,,
286,2,,CH4,J Wang,HR 8799 b,direct imaging,Keck Planet Imager and Characterizer,2021,,,True,self-consistent forward models,ATRAN,https://iopscience.iop.org/article/10.3847/1538-3881/ac1349/pdf,,,
287,0,7.0,Na,mccloat,KELT-10 b,transit,UVES,2021,,,True,retrieval,molecfit,https://iopscience.iop.org/article/10.3847/1538-3881/ac132b/pdf,,,
288,0,9.8,Fe,kasper,KELT-20 b,emission,MAROON-X,2022,,,True,retrieval,SVD (PCA?),https://arxiv.org/pdf/2208.04759.pdf,,,
289,1,4.7,Ni,kasper,KELT-20 b,emission,MAROON-X,2022,,,True,retrieval,SVD (PCA?),https://arxiv.org/pdf/2208.04759.pdf,,,
290,0,,He,kasper,GJ 9827d b,transit,KECK/NIRSPEC,2020,,,True,self-consistent model grid,Molecfit,https://iopscience.iop.org/article/10.3847/1538-3881/abbee6/meta,,,
291,0,,He,kasper,GJ 97658 b,transit,KECK/NIRSPEC,2020,,,True,self-consistent model grid,Molecfit,https://iopscience.iop.org/article/10.3847/1538-3881/abbee6/meta,,,
292,0,,Na,khalafinejad,WASP-17 b,transit,MIKE,2018,,,True,self-consistent model grid,Moehler et al. (2014) transmission spectrum,https://www.aanda.org/articles/aa/abs/2018/10/aa32029-17/aa32029-17.html,,,
293,0,0.0,Fe+,pai asnodkar,KELT-9 b,transit,PEPSI,2022,,,True,self-consistent model grid,?,https://iopscience.iop.org/article/10.3847/1538-3881/ac51d2/pdf,,,
294,0,,K,gibson,WASP-31 b,transit,UVES,2018,,,True,self-consistent model grid,"masking, sysrem",https://academic.oup.com/mnras/article/482/1/606/5126364,,,
295,0,,K,gibson,WASP-121 b,transit,UVES,2022,,,True,retrieval,fast-filtering,https://academic.oup.com/mnras/article-abstract/512/3/4618/6510825,,,
296,0,0.0,Fe,rainer,KELT-20 b,transit,HARPS-N,2021,,,True,parameterized model grid,normalization,https://www.aanda.org/articles/aa/pdf/2021/05/aa39247-20.pdf,,,
297,0,3.0,Na,ridden-harper,55 Cancri e,transit,"UVES, HARPS-N",2016,,,True,parameterized model grid,PCA,https://www.aanda.org/articles/aa/pdf/2016/09/aa28448-16.pdf,,,
298,1,4.1,Ca+,ridden-harper,55 Cancri e,transit,"UVES, HARPS-N",2016,,,True,parameterized model grid,PCA,https://www.aanda.org/articles/aa/pdf/2016/09/aa28448-16.pdf,,,
299,0,,HCN,Deibert,55 Cancri e,transit,CARMENES,2021,,,True,,,https://iopscience.iop.org/article/10.3847/2041-8213/ac2513/pdf,,,
300,1,,C2H2,Deibert,55 Cancri e,transit,CARMENES,2021,,,True,,,https://iopscience.iop.org/article/10.3847/2041-8213/ac2513/pdf,,,
301,2,,NH3,Deibert,55 Cancri e,transit,CARMENES,2021,,,True,,,https://iopscience.iop.org/article/10.3847/2041-8213/ac2513/pdf,,,
302,0,0.0,Ca+,deibert,WASP-76 b,transit,GRACES,2021,,,True,self-consistent model grid (CLOUDY),sysrem,https://iopscience.iop.org/article/10.3847/2041-8213/ac2513/pdf,,,
303,0,,K,casasayas-barris,HD 209458 b,transit,UVES,2021,,,True,parameterized model grid,molecfit + DRP?,https://www.aanda.org/articles/aa/pdf/2021/03/aa39539-20.pdf,,,
304,0,10.5,Fe,F Stangret,KELT-20 b,transit,HARPS-N,2020,,,True,self-consistent model grid (petitRADTRANS),sysrem,https://www.aanda.org/articles/aa/pdf/2020/06/aa37541-20.pdf,,,
305,1,8.6,Fe+,F Stangret,KELT-20 b,transit,HARPS-N,2020,,,True,self-consistent model grid (petitRADTRANS),sysrem,https://www.aanda.org/articles/aa/pdf/2020/06/aa37541-20.pdf,,,
306,0,7.3,Fe,cont,WASP-33 b,transit,CARMENES,2021,,,True,parameterized model grid,sysrem,https://arxiv.org/pdf/2105.10230.pdf,,,
307,1,4.9,TiO,cont,WASP-33 b,transit,CARMENES,2021,,,True,parameterized model grid,sysrem,https://arxiv.org/pdf/2105.10230.pdf,,,
308,0,,TiO,jindal,55 Cancri e,transit,GRACES,2018,,,True,self-consistent model grid,sysrem,https://iopscience.iop.org/article/10.3847/1538-3881/aba1eb/meta,,,
309,1,,VO,jindal,55 Cancri e,transit,GRACES,2018,,,True,self-consistent model grid,sysrem,https://iopscience.iop.org/article/10.3847/1538-3881/aba1eb/meta,,,
310,0,4.3,TiO,serindag,WASP-33 b,transit,HDS,2021,,,False,self-consistent model grid,"masking, SVD",https://ui.adsabs.harvard.edu/abs/2021A%26A...645A..90S/abstract,,,
311,0,6.5,H2O,buzard,HD 187123 b,emission,NIRSPEC,2020,,,True,self-consistent model grid,"PCA, molecfit",https://iopscience.iop.org/article/10.3847/1538-3881/ab8f9c/pdf,,,
312,0,20.0,H alpha,yan,WASP-33 b,transit,"CARMENES, HARPS-N",2021,,,True,self-consistent model grid,theoretical Earth spectrum,https://ui.adsabs.harvard.edu/abs/2021A%26A...645A..22Y/abstract,,,
313,1,8.0,H beta,yan,WASP-33 b,transit,"CARMENES, HARPS-N",2021,,,True,self-consistent model grid,theoretical Earth spectrum,https://ui.adsabs.harvard.edu/abs/2021A%26A...645A..22Y/abstract,,,
314,2,2.3,H gamma,yan,WASP-33 b,transit,"CARMENES, HARPS-N",2021,,,True,self-consistent model grid,theoretical Earth spectrum,https://ui.adsabs.harvard.edu/abs/2021A%26A...645A..22Y/abstract,,,
315,0,,TiO,J Hoeijmakers,HD 209458 b,transit,HDS,2015,,,True,self-consistent model grid,normalization,https://www.aanda.org/articles/aa/pdf/2015/03/aa24794-14.pdf,,,
316,0,0.0,H2O,piskorz,ups And b,emission,NIRSPEC,2017,,,True,self-consistent model (SCARLET),PCA,https://iopscience.iop.org/article/10.3847/1538-3881/aa7dd8/pdf,,,
317,1,,CH4,piskorz,ups And b,emission,NIRSPEC,2017,,,True,self-consistent model (SCARLET),PCA,https://iopscience.iop.org/article/10.3847/1538-3881/aa7dd8/pdf,,,
318,0,,H2O,piskorz,HD 88133 b,emission,"HDS, ESPaDOnS",2016,,,True,self-consistent model (SCARLET),PCA,https://ui.adsabs.harvard.edu/abs/2016ApJ...832..131P/abstract,,,
319,0,0.0,H alpha,Cauley,HD 189733 b,transit,"HARPS, HIRES",2017,,,False,line-fitting,molecfit,https://iopscience.iop.org/article/10.3847/1538-3881/aa6a15/pdf,,,
320,1,0.0,Ca+,Cauley,HD 189733 b,transit,"HARPS, HIRES",2017,,,False,line-fitting,molecfit,https://iopscience.iop.org/article/10.3847/1538-3881/aa6a15/pdf,,,
321,0,,H2O,esteves,55 Cancri e,transit,"HDS, ESPaDOnS",2017,,,True,parameterized forward models,sysrem,https://iopscience.iop.org/article/10.3847/1538-3881/aa7133/pdf,,,
322,0,,Al I,F Stangret,MASCARA-1 b,transit,"HARPS-N, HARPS",2022,,,True,"self-consistent models (petitRADTRANS), line-fitting",molecfit,https://www.aanda.org/articles/aa/pdf/2022/06/aa41799-21.pdf,,,
323,1,,B I,F Stangret,MASCARA-1 b,transit,"HARPS-N, HARPS",2022,,,True,"self-consistent models (petitRADTRANS), line-fitting",molecfit,https://www.aanda.org/articles/aa/pdf/2022/06/aa41799-21.pdf,,,
324,2,,Ca I,F Stangret,MASCARA-1 b,transit,"HARPS-N, HARPS",2022,,,True,"self-consistent models (petitRADTRANS), line-fitting",molecfit,https://www.aanda.org/articles/aa/pdf/2022/06/aa41799-21.pdf,,,
325,3,,Cr I,F Stangret,MASCARA-1 b,transit,"HARPS-N, HARPS",2022,,,True,"self-consistent models (petitRADTRANS), line-fitting",molecfit,https://www.aanda.org/articles/aa/pdf/2022/06/aa41799-21.pdf,,,
326,4,,Fe I,F Stangret,MASCARA-1 b,transit,"HARPS-N, HARPS",2022,,,True,"self-consistent models (petitRADTRANS), line-fitting",molecfit,https://www.aanda.org/articles/aa/pdf/2022/06/aa41799-21.pdf,,,
327,5,,Fe II,F Stangret,MASCARA-1 b,transit,"HARPS-N, HARPS",2022,,,True,"self-consistent models (petitRADTRANS), line-fitting",molecfit,https://www.aanda.org/articles/aa/pdf/2022/06/aa41799-21.pdf,,,
328,6,,"H2O,K I",F Stangret,MASCARA-1 b,transit,"HARPS-N, HARPS",2022,,,True,"self-consistent models (petitRADTRANS), line-fitting",molecfit,https://www.aanda.org/articles/aa/pdf/2022/06/aa41799-21.pdf,,,
329,7,,Li I,F Stangret,MASCARA-1 b,transit,"HARPS-N, HARPS",2022,,,True,"self-consistent models (petitRADTRANS), line-fitting",molecfit,https://www.aanda.org/articles/aa/pdf/2022/06/aa41799-21.pdf,,,
330,8,,Mg I,F Stangret,MASCARA-1 b,transit,"HARPS-N, HARPS",2022,,,True,"self-consistent models (petitRADTRANS), line-fitting",molecfit,https://www.aanda.org/articles/aa/pdf/2022/06/aa41799-21.pdf,,,
331,9,,Mg II,F Stangret,MASCARA-1 b,transit,"HARPS-N, HARPS",2022,,,True,"self-consistent models (petitRADTRANS), line-fitting",molecfit,https://www.aanda.org/articles/aa/pdf/2022/06/aa41799-21.pdf,,,
332,10,,N I,F Stangret,MASCARA-1 b,transit,"HARPS-N, HARPS",2022,,,True,"self-consistent models (petitRADTRANS), line-fitting",molecfit,https://www.aanda.org/articles/aa/pdf/2022/06/aa41799-21.pdf,,,
333,11,,Na I,F Stangret,MASCARA-1 b,transit,"HARPS-N, HARPS",2022,,,True,"self-consistent models (petitRADTRANS), line-fitting",molecfit,https://www.aanda.org/articles/aa/pdf/2022/06/aa41799-21.pdf,,,
334,12,,Si I,F Stangret,MASCARA-1 b,transit,"HARPS-N, HARPS",2022,,,True,"self-consistent models (petitRADTRANS), line-fitting",molecfit,https://www.aanda.org/articles/aa/pdf/2022/06/aa41799-21.pdf,,,
335,13,,Si II,F Stangret,MASCARA-1 b,transit,"HARPS-N, HARPS",2022,,,True,"self-consistent models (petitRADTRANS), line-fitting",molecfit,https://www.aanda.org/articles/aa/pdf/2022/06/aa41799-21.pdf,,,
336,14,,Ti I,F Stangret,MASCARA-1 b,transit,"HARPS-N, HARPS",2022,,,True,"self-consistent models (petitRADTRANS), line-fitting",molecfit,https://www.aanda.org/articles/aa/pdf/2022/06/aa41799-21.pdf,,,
337,15,,TiO,F Stangret,MASCARA-1 b,transit,"HARPS-N, HARPS",2022,,,True,"self-consistent models (petitRADTRANS), line-fitting",molecfit,https://www.aanda.org/articles/aa/pdf/2022/06/aa41799-21.pdf,,,
338,16,,V I,F Stangret,MASCARA-1 b,transit,"HARPS-N, HARPS",2022,,,True,"self-consistent models (petitRADTRANS), line-fitting",molecfit,https://www.aanda.org/articles/aa/pdf/2022/06/aa41799-21.pdf,,,
339,17,,V II,F Stangret,MASCARA-1 b,transit,"HARPS-N, HARPS",2022,,,True,"self-consistent models (petitRADTRANS), line-fitting",molecfit,https://www.aanda.org/articles/aa/pdf/2022/06/aa41799-21.pdf,,,
340,18,,VO,F Stangret,MASCARA-1 b,transit,"HARPS-N, HARPS",2022,,,True,"self-consistent models (petitRADTRANS), line-fitting",molecfit,https://www.aanda.org/articles/aa/pdf/2022/06/aa41799-21.pdf,,,
341,19,,Y I,F Stangret,MASCARA-1 b,transit,"HARPS-N, HARPS",2022,,,True,"self-consistent models (petitRADTRANS), line-fitting",molecfit,https://www.aanda.org/articles/aa/pdf/2022/06/aa41799-21.pdf,,,
342,0,,Al I,F Stangret,KELT-17 b,transit,"HARPS-N, HARPS",2022,,,True,"self-consistent models (petitRADTRANS), line-fitting",molecfit,https://www.aanda.org/articles/aa/pdf/2022/06/aa41799-21.pdf,,,
343,1,,B I,F Stangret,KELT-17 b,transit,"HARPS-N, HARPS",2022,,,True,"self-consistent models (petitRADTRANS), line-fitting",molecfit,https://www.aanda.org/articles/aa/pdf/2022/06/aa41799-21.pdf,,,
344,2,,Ca I,F Stangret,KELT-17 b,transit,"HARPS-N, HARPS",2022,,,True,"self-consistent models (petitRADTRANS), line-fitting",molecfit,https://www.aanda.org/articles/aa/pdf/2022/06/aa41799-21.pdf,,,
345,3,,Cr I,F Stangret,KELT-17 b,transit,"HARPS-N, HARPS",2022,,,True,"self-consistent models (petitRADTRANS), line-fitting",molecfit,https://www.aanda.org/articles/aa/pdf/2022/06/aa41799-21.pdf,,,
346,4,,Fe I,F Stangret,KELT-17 b,transit,"HARPS-N, HARPS",2022,,,True,"self-consistent models (petitRADTRANS), line-fitting",molecfit,https://www.aanda.org/articles/aa/pdf/2022/06/aa41799-21.pdf,,,
347,5,,Fe II,F Stangret,KELT-17 b,transit,"HARPS-N, HARPS",2022,,,True,"self-consistent models (petitRADTRANS), line-fitting",molecfit,https://www.aanda.org/articles/aa/pdf/2022/06/aa41799-21.pdf,,,
348,6,,"H2O,K I",F Stangret,KELT-17 b,transit,"HARPS-N, HARPS",2022,,,True,"self-consistent models (petitRADTRANS), line-fitting",molecfit,https://www.aanda.org/articles/aa/pdf/2022/06/aa41799-21.pdf,,,
349,7,,Li I,F Stangret,KELT-17 b,transit,"HARPS-N, HARPS",2022,,,True,"self-consistent models (petitRADTRANS), line-fitting",molecfit,https://www.aanda.org/articles/aa/pdf/2022/06/aa41799-21.pdf,,,
350,8,,Mg I,F Stangret,KELT-17 b,transit,"HARPS-N, HARPS",2022,,,True,"self-consistent models (petitRADTRANS), line-fitting",molecfit,https://www.aanda.org/articles/aa/pdf/2022/06/aa41799-21.pdf,,,
351,9,,Mg II,F Stangret,KELT-17 b,transit,"HARPS-N, HARPS",2022,,,True,"self-consistent models (petitRADTRANS), line-fitting",molecfit,https://www.aanda.org/articles/aa/pdf/2022/06/aa41799-21.pdf,,,
352,10,,N I,F Stangret,KELT-17 b,transit,"HARPS-N, HARPS",2022,,,True,"self-consistent models (petitRADTRANS), line-fitting",molecfit,https://www.aanda.org/articles/aa/pdf/2022/06/aa41799-21.pdf,,,
353,11,,Na I,F Stangret,KELT-17 b,transit,"HARPS-N, HARPS",2022,,,True,"self-consistent models (petitRADTRANS), line-fitting",molecfit,https://www.aanda.org/articles/aa/pdf/2022/06/aa41799-21.pdf,,,
354,12,,Si I,F Stangret,KELT-17 b,transit,"HARPS-N, HARPS",2022,,,True,"self-consistent models (petitRADTRANS), line-fitting",molecfit,https://www.aanda.org/articles/aa/pdf/2022/06/aa41799-21.pdf,,,
355,13,,Si II,F Stangret,KELT-17 b,transit,"HARPS-N, HARPS",2022,,,True,"self-consistent models (petitRADTRANS), line-fitting",molecfit,https://www.aanda.org/articles/aa/pdf/2022/06/aa41799-21.pdf,,,
356,14,,Ti I,F Stangret,KELT-17 b,transit,"HARPS-N, HARPS",2022,,,True,"self-consistent models (petitRADTRANS), line-fitting",molecfit,https://www.aanda.org/articles/aa/pdf/2022/06/aa41799-21.pdf,,,
357,15,,TiO,F Stangret,KELT-17 b,transit,"HARPS-N, HARPS",2022,,,True,"self-consistent models (petitRADTRANS), line-fitting",molecfit,https://www.aanda.org/articles/aa/pdf/2022/06/aa41799-21.pdf,,,
358,16,,V I,F Stangret,KELT-17 b,transit,"HARPS-N, HARPS",2022,,,True,"self-consistent models (petitRADTRANS), line-fitting",molecfit,https://www.aanda.org/articles/aa/pdf/2022/06/aa41799-21.pdf,,,
359,17,,V II,F Stangret,KELT-17 b,transit,"HARPS-N, HARPS",2022,,,True,"self-consistent models (petitRADTRANS), line-fitting",molecfit,https://www.aanda.org/articles/aa/pdf/2022/06/aa41799-21.pdf,,,
360,18,,VO,F Stangret,KELT-17 b,transit,"HARPS-N, HARPS",2022,,,True,"self-consistent models (petitRADTRANS), line-fitting",molecfit,https://www.aanda.org/articles/aa/pdf/2022/06/aa41799-21.pdf,,,
361,19,,Y I,F Stangret,KELT-17 b,transit,"HARPS-N, HARPS",2022,,,True,"self-consistent models (petitRADTRANS), line-fitting",molecfit,https://www.aanda.org/articles/aa/pdf/2022/06/aa41799-21.pdf,,,
362,0,,Al I,F Stangret,KELT-7 b,transit,"HARPS-N, HARPS",2022,,,True,"self-consistent models (petitRADTRANS), line-fitting",molecfit,https://www.aanda.org/articles/aa/pdf/2022/06/aa41799-21.pdf,,,
363,1,,B I,F Stangret,KELT-7 b,transit,"HARPS-N, HARPS",2022,,,True,"self-consistent models (petitRADTRANS), line-fitting",molecfit,https://www.aanda.org/articles/aa/pdf/2022/06/aa41799-21.pdf,,,
364,2,,Ca I,F Stangret,KELT-7 b,transit,"HARPS-N, HARPS",2022,,,True,"self-consistent models (petitRADTRANS), line-fitting",molecfit,https://www.aanda.org/articles/aa/pdf/2022/06/aa41799-21.pdf,,,
365,3,,Cr I,F Stangret,KELT-7 b,transit,"HARPS-N, HARPS",2022,,,True,"self-consistent models (petitRADTRANS), line-fitting",molecfit,https://www.aanda.org/articles/aa/pdf/2022/06/aa41799-21.pdf,,,
366,4,,Fe I,F Stangret,KELT-7 b,transit,"HARPS-N, HARPS",2022,,,True,"self-consistent models (petitRADTRANS), line-fitting",molecfit,https://www.aanda.org/articles/aa/pdf/2022/06/aa41799-21.pdf,,,
367,5,,Fe II,F Stangret,KELT-7 b,transit,"HARPS-N, HARPS",2022,,,True,"self-consistent models (petitRADTRANS), line-fitting",molecfit,https://www.aanda.org/articles/aa/pdf/2022/06/aa41799-21.pdf,,,
368,6,,"H2O,K I",F Stangret,KELT-7 b,transit,"HARPS-N, HARPS",2022,,,True,"self-consistent models (petitRADTRANS), line-fitting",molecfit,https://www.aanda.org/articles/aa/pdf/2022/06/aa41799-21.pdf,,,
369,7,,Li I,F Stangret,KELT-7 b,transit,"HARPS-N, HARPS",2022,,,True,"self-consistent models (petitRADTRANS), line-fitting",molecfit,https://www.aanda.org/articles/aa/pdf/2022/06/aa41799-21.pdf,,,
370,8,,Mg I,F Stangret,KELT-7 b,transit,"HARPS-N, HARPS",2022,,,True,"self-consistent models (petitRADTRANS), line-fitting",molecfit,https://www.aanda.org/articles/aa/pdf/2022/06/aa41799-21.pdf,,,
371,9,,Mg II,F Stangret,KELT-7 b,transit,"HARPS-N, HARPS",2022,,,True,"self-consistent models (petitRADTRANS), line-fitting",molecfit,https://www.aanda.org/articles/aa/pdf/2022/06/aa41799-21.pdf,,,
372,10,,N I,F Stangret,KELT-7 b,transit,"HARPS-N, HARPS",2022,,,True,"self-consistent models (petitRADTRANS), line-fitting",molecfit,https://www.aanda.org/articles/aa/pdf/2022/06/aa41799-21.pdf,,,
373,11,,Na I,F Stangret,KELT-7 b,transit,"HARPS-N, HARPS",2022,,,True,"self-consistent models (petitRADTRANS), line-fitting",molecfit,https://www.aanda.org/articles/aa/pdf/2022/06/aa41799-21.pdf,,,
374,12,,Si I,F Stangret,KELT-7 b,transit,"HARPS-N, HARPS",2022,,,True,"self-consistent models (petitRADTRANS), line-fitting",molecfit,https://www.aanda.org/articles/aa/pdf/2022/06/aa41799-21.pdf,,,
375,13,,Si II,F Stangret,KELT-7 b,transit,"HARPS-N, HARPS",2022,,,True,"self-consistent models (petitRADTRANS), line-fitting",molecfit,https://www.aanda.org/articles/aa/pdf/2022/06/aa41799-21.pdf,,,
376,14,,Ti I,F Stangret,KELT-7 b,transit,"HARPS-N, HARPS",2022,,,True,"self-consistent models (petitRADTRANS), line-fitting",molecfit,https://www.aanda.org/articles/aa/pdf/2022/06/aa41799-21.pdf,,,
377,15,,TiO,F Stangret,KELT-7 b,transit,"HARPS-N, HARPS",2022,,,True,"self-consistent models (petitRADTRANS), line-fitting",molecfit,https://www.aanda.org/articles/aa/pdf/2022/06/aa41799-21.pdf,,,
378,16,,V I,F Stangret,KELT-7 b,transit,"HARPS-N, HARPS",2022,,,True,"self-consistent models (petitRADTRANS), line-fitting",molecfit,https://www.aanda.org/articles/aa/pdf/2022/06/aa41799-21.pdf,,,
379,17,,V II,F Stangret,KELT-7 b,transit,"HARPS-N, HARPS",2022,,,True,"self-consistent models (petitRADTRANS), line-fitting",molecfit,https://www.aanda.org/articles/aa/pdf/2022/06/aa41799-21.pdf,,,
380,18,,VO,F Stangret,KELT-7 b,transit,"HARPS-N, HARPS",2022,,,True,"self-consistent models (petitRADTRANS), line-fitting",molecfit,https://www.aanda.org/articles/aa/pdf/2022/06/aa41799-21.pdf,,,
381,19,,Y I,F Stangret,KELT-7 b,transit,"HARPS-N, HARPS",2022,,,True,"self-consistent models (petitRADTRANS), line-fitting",molecfit,https://www.aanda.org/articles/aa/pdf/2022/06/aa41799-21.pdf,,,
382,0,,Al I,F Stangret,KELT-21 b,transit,"HARPS-N, HARPS",2022,,,True,"self-consistent models (petitRADTRANS), line-fitting",molecfit,https://www.aanda.org/articles/aa/pdf/2022/06/aa41799-21.pdf,,,
383,1,,B I,F Stangret,KELT-21 b,transit,"HARPS-N, HARPS",2022,,,True,"self-consistent models (petitRADTRANS), line-fitting",molecfit,https://www.aanda.org/articles/aa/pdf/2022/06/aa41799-21.pdf,,,
384,2,,Ca I,F Stangret,KELT-21 b,transit,"HARPS-N, HARPS",2022,,,True,"self-consistent models (petitRADTRANS), line-fitting",molecfit,https://www.aanda.org/articles/aa/pdf/2022/06/aa41799-21.pdf,,,
385,3,,Cr I,F Stangret,KELT-21 b,transit,"HARPS-N, HARPS",2022,,,True,"self-consistent models (petitRADTRANS), line-fitting",molecfit,https://www.aanda.org/articles/aa/pdf/2022/06/aa41799-21.pdf,,,
386,4,,Fe I,F Stangret,KELT-21 b,transit,"HARPS-N, HARPS",2022,,,True,"self-consistent models (petitRADTRANS), line-fitting",molecfit,https://www.aanda.org/articles/aa/pdf/2022/06/aa41799-21.pdf,,,
387,5,,Fe II,F Stangret,KELT-21 b,transit,"HARPS-N, HARPS",2022,,,True,"self-consistent models (petitRADTRANS), line-fitting",molecfit,https://www.aanda.org/articles/aa/pdf/2022/06/aa41799-21.pdf,,,
388,6,,"H2O,K I",F Stangret,KELT-21 b,transit,"HARPS-N, HARPS",2022,,,True,"self-consistent models (petitRADTRANS), line-fitting",molecfit,https://www.aanda.org/articles/aa/pdf/2022/06/aa41799-21.pdf,,,
389,7,,Li I,F Stangret,KELT-21 b,transit,"HARPS-N, HARPS",2022,,,True,"self-consistent models (petitRADTRANS), line-fitting",molecfit,https://www.aanda.org/articles/aa/pdf/2022/06/aa41799-21.pdf,,,
390,8,,Mg I,F Stangret,KELT-21 b,transit,"HARPS-N, HARPS",2022,,,True,"self-consistent models (petitRADTRANS), line-fitting",molecfit,https://www.aanda.org/articles/aa/pdf/2022/06/aa41799-21.pdf,,,
391,9,,Mg II,F Stangret,KELT-21 b,transit,"HARPS-N, HARPS",2022,,,True,"self-consistent models (petitRADTRANS), line-fitting",molecfit,https://www.aanda.org/articles/aa/pdf/2022/06/aa41799-21.pdf,,,
392,10,,N I,F Stangret,KELT-21 b,transit,"HARPS-N, HARPS",2022,,,True,"self-consistent models (petitRADTRANS), line-fitting",molecfit,https://www.aanda.org/articles/aa/pdf/2022/06/aa41799-21.pdf,,,
393,11,,Na I,F Stangret,KELT-21 b,transit,"HARPS-N, HARPS",2022,,,True,"self-consistent models (petitRADTRANS), line-fitting",molecfit,https://www.aanda.org/articles/aa/pdf/2022/06/aa41799-21.pdf,,,
394,12,,Si I,F Stangret,KELT-21 b,transit,"HARPS-N, HARPS",2022,,,True,"self-consistent models (petitRADTRANS), line-fitting",molecfit,https://www.aanda.org/articles/aa/pdf/2022/06/aa41799-21.pdf,,,
395,13,,Si II,F Stangret,KELT-21 b,transit,"HARPS-N, HARPS",2022,,,True,"self-consistent models (petitRADTRANS), line-fitting",molecfit,https://www.aanda.org/articles/aa/pdf/2022/06/aa41799-21.pdf,,,
396,14,,Ti I,F Stangret,KELT-21 b,transit,"HARPS-N, HARPS",2022,,,True,"self-consistent models (petitRADTRANS), line-fitting",molecfit,https://www.aanda.org/articles/aa/pdf/2022/06/aa41799-21.pdf,,,
397,15,,TiO,F Stangret,KELT-21 b,transit,"HARPS-N, HARPS",2022,,,True,"self-consistent models (petitRADTRANS), line-fitting",molecfit,https://www.aanda.org/articles/aa/pdf/2022/06/aa41799-21.pdf,,,
398,16,,V I,F Stangret,KELT-21 b,transit,"HARPS-N, HARPS",2022,,,True,"self-consistent models (petitRADTRANS), line-fitting",molecfit,https://www.aanda.org/articles/aa/pdf/2022/06/aa41799-21.pdf,,,
399,17,,V II,F Stangret,KELT-21 b,transit,"HARPS-N, HARPS",2022,,,True,"self-consistent models (petitRADTRANS), line-fitting",molecfit,https://www.aanda.org/articles/aa/pdf/2022/06/aa41799-21.pdf,,,
400,18,,VO,F Stangret,KELT-21 b,transit,"HARPS-N, HARPS",2022,,,True,"self-consistent models (petitRADTRANS), line-fitting",molecfit,https://www.aanda.org/articles/aa/pdf/2022/06/aa41799-21.pdf,,,
401,19,,Y I,F Stangret,KELT-21 b,transit,"HARPS-N, HARPS",2022,,,True,"self-consistent models (petitRADTRANS), line-fitting",molecfit,https://www.aanda.org/articles/aa/pdf/2022/06/aa41799-21.pdf,,,
422,0,,Al I,F Stangret,HAT-P-57 b,transit,"HARPS-N, HARPS",2022,,,True,"self-consistent models (petitRADTRANS), line-fitting",molecfit,https://www.aanda.org/articles/aa/pdf/2022/06/aa41799-21.pdf,,,
423,1,,B I,F Stangret,HAT-P-57 b,transit,"HARPS-N, HARPS",2022,,,True,"self-consistent models (petitRADTRANS), line-fitting",molecfit,https://www.aanda.org/articles/aa/pdf/2022/06/aa41799-21.pdf,,,
424,2,,Ca I,F Stangret,HAT-P-57 b,transit,"HARPS-N, HARPS",2022,,,True,"self-consistent models (petitRADTRANS), line-fitting",molecfit,https://www.aanda.org/articles/aa/pdf/2022/06/aa41799-21.pdf,,,
425,3,,Cr I,F Stangret,HAT-P-57 b,transit,"HARPS-N, HARPS",2022,,,True,"self-consistent models (petitRADTRANS), line-fitting",molecfit,https://www.aanda.org/articles/aa/pdf/2022/06/aa41799-21.pdf,,,
426,4,,Fe I,F Stangret,HAT-P-57 b,transit,"HARPS-N, HARPS",2022,,,True,"self-consistent models (petitRADTRANS), line-fitting",molecfit,https://www.aanda.org/articles/aa/pdf/2022/06/aa41799-21.pdf,,,
427,5,,Fe II,F Stangret,HAT-P-57 b,transit,"HARPS-N, HARPS",2022,,,True,"self-consistent models (petitRADTRANS), line-fitting",molecfit,https://www.aanda.org/articles/aa/pdf/2022/06/aa41799-21.pdf,,,
428,6,,"H2O,K I",F Stangret,HAT-P-57 b,transit,"HARPS-N, HARPS",2022,,,True,"self-consistent models (petitRADTRANS), line-fitting",molecfit,https://www.aanda.org/articles/aa/pdf/2022/06/aa41799-21.pdf,,,
429,7,,Li I,F Stangret,HAT-P-57 b,transit,"HARPS-N, HARPS",2022,,,True,"self-consistent models (petitRADTRANS), line-fitting",molecfit,https://www.aanda.org/articles/aa/pdf/2022/06/aa41799-21.pdf,,,
430,8,,Mg I,F Stangret,HAT-P-57 b,transit,"HARPS-N, HARPS",2022,,,True,"self-consistent models (petitRADTRANS), line-fitting",molecfit,https://www.aanda.org/articles/aa/pdf/2022/06/aa41799-21.pdf,,,
431,9,,Mg II,F Stangret,HAT-P-57 b,transit,"HARPS-N, HARPS",2022,,,True,"self-consistent models (petitRADTRANS), line-fitting",molecfit,https://www.aanda.org/articles/aa/pdf/2022/06/aa41799-21.pdf,,,
432,10,,N I,F Stangret,HAT-P-57 b,transit,"HARPS-N, HARPS",2022,,,True,"self-consistent models (petitRADTRANS), line-fitting",molecfit,https://www.aanda.org/articles/aa/pdf/2022/06/aa41799-21.pdf,,,
433,11,,Na I,F Stangret,HAT-P-57 b,transit,"HARPS-N, HARPS",2022,,,True,"self-consistent models (petitRADTRANS), line-fitting",molecfit,https://www.aanda.org/articles/aa/pdf/2022/06/aa41799-21.pdf,,,
434,12,,Si I,F Stangret,HAT-P-57 b,transit,"HARPS-N, HARPS",2022,,,True,"self-consistent models (petitRADTRANS), line-fitting",molecfit,https://www.aanda.org/articles/aa/pdf/2022/06/aa41799-21.pdf,,,
435,13,,Si II,F Stangret,HAT-P-57 b,transit,"HARPS-N, HARPS",2022,,,True,"self-consistent models (petitRADTRANS), line-fitting",molecfit,https://www.aanda.org/articles/aa/pdf/2022/06/aa41799-21.pdf,,,
436,14,,Ti I,F Stangret,HAT-P-57 b,transit,"HARPS-N, HARPS",2022,,,True,"self-consistent models (petitRADTRANS), line-fitting",molecfit,https://www.aanda.org/articles/aa/pdf/2022/06/aa41799-21.pdf,,,
437,15,,TiO,F Stangret,HAT-P-57 b,transit,"HARPS-N, HARPS",2022,,,True,"self-consistent models (petitRADTRANS), line-fitting",molecfit,https://www.aanda.org/articles/aa/pdf/2022/06/aa41799-21.pdf,,,
438,16,,V I,F Stangret,HAT-P-57 b,transit,"HARPS-N, HARPS",2022,,,True,"self-consistent models (petitRADTRANS), line-fitting",molecfit,https://www.aanda.org/articles/aa/pdf/2022/06/aa41799-21.pdf,,,
439,17,,V II,F Stangret,HAT-P-57 b,transit,"HARPS-N, HARPS",2022,,,True,"self-consistent models (petitRADTRANS), line-fitting",molecfit,https://www.aanda.org/articles/aa/pdf/2022/06/aa41799-21.pdf,,,
440,18,,VO,F Stangret,HAT-P-57 b,transit,"HARPS-N, HARPS",2022,,,True,"self-consistent models (petitRADTRANS), line-fitting",molecfit,https://www.aanda.org/articles/aa/pdf/2022/06/aa41799-21.pdf,,,
441,19,,Y I,F Stangret,HAT-P-57 b,transit,"HARPS-N, HARPS",2022,,,True,"self-consistent models (petitRADTRANS), line-fitting",molecfit,https://www.aanda.org/articles/aa/pdf/2022/06/aa41799-21.pdf,,,
442,0,5.1,Fe,F Stangret,WASP-189 b,transit,"HARPS-N, HARPS",2022,,,True,"self-consistent models (petitRADTRANS), line-fitting",molecfit,https://www.aanda.org/articles/aa/pdf/2022/06/aa41799-21.pdf,,,
443,1,5.4,Fe+,F Stangret,WASP-189 b,transit,"HARPS-N, HARPS",2022,,,True,"self-consistent models (petitRADTRANS), line-fitting",molecfit,https://www.aanda.org/articles/aa/pdf/2022/06/aa41799-21.pdf,,,
444,2,4.2,Ti,F Stangret,WASP-189 b,transit,"HARPS-N, HARPS",2022,,,True,"self-consistent models (petitRADTRANS), line-fitting",molecfit,https://www.aanda.org/articles/aa/pdf/2022/06/aa41799-21.pdf,,,
445,3,0.0,H alpha,F Stangret,WASP-189 b,transit,"HARPS-N, HARPS",2022,,,True,"self-consistent models (petitRADTRANS), line-fitting",molecfit,https://www.aanda.org/articles/aa/pdf/2022/06/aa41799-21.pdf,,,
446,4,0.0,H beta,F Stangret,WASP-189 b,transit,"HARPS-N, HARPS",2022,,,True,"self-consistent models (petitRADTRANS), line-fitting",molecfit,https://www.aanda.org/articles/aa/pdf/2022/06/aa41799-21.pdf,,,
447,5,0.0,Ca+,F Stangret,WASP-189 b,transit,"HARPS-N, HARPS",2022,,,True,"self-consistent models (petitRADTRANS), line-fitting",molecfit,https://www.aanda.org/articles/aa/pdf/2022/06/aa41799-21.pdf,,,
448,0,6.0,H2O,lockwood,Tau bootis b,transit,NIRSPEC,2014,,,True,self-consistent models (MOOG),TERRASPEC,https://iopscience.iop.org/article/10.1088/2041-8205/783/2/L29/pdf,,,
449,0,8.0,Fe,gibson,WASP-121 b,transit,UVES,2011,,,True,self-consistent model grid (PHOENIX),,https://ui.adsabs.harvard.edu/abs/2020MNRAS.493.2215G/abstract,,,
450,1,0.0,Fe+,gibson,WASP-121 b,transit,UVES,2011,,,True,self-consistent model grid (PHOENIX),,https://ui.adsabs.harvard.edu/abs/2020MNRAS.493.2215G/abstract,,,
451,0,,H alpha,czesla,HAT-P-32 b,transit,CARMENES,2022,,,True,self-consistent model grid,molecfit,https://ui.adsabs.harvard.edu/abs/2022A%26A...657A...6C/abstract,,,
452,1,,He,czesla,HAT-P-32 b,transit,CARMENES,2022,,,True,self-consistent model grid,molecfit,https://ui.adsabs.harvard.edu/abs/2022A%26A...657A...6C/abstract,,,
453,0,0.0,CO,yan,WASP-189 b,emission,GIANO,2022,,,True,self-consistent model grid (petitRADTRANS),"molecfit, sysrem",https://www.aanda.org/articles/aa/pdf/2022/05/aa43503-22.pdf,,,
454,0,0.0,CO,yan,WASP-33 b,emission,GIANO,2022,,,True,self-consistent model grid (petitRADTRANS),"molecfit, sysrem",https://www.aanda.org/articles/aa/pdf/2022/05/aa43503-22.pdf,,,
455,0,,,crossfield,GJ 1214 b,transit,HDS,2011,,,True,self-consistent model grid (PHOENIX),XTELLCORR,https://iopscience.iop.org/article/10.1088/0004-637X/736/2/132/pdf,,,
456,0,3.45,Fe,J Hoeijmakers,MASCARA-2 b,emission,EXPRES,2020,,,True,isothermal model grid,Molecfit,https://www.aanda.org/articles/aa/pdf/2020/09/aa37437-20.pdf,,,
457,1,4.6,Fe+,J Hoeijmakers,MASCARA-2 b,emission,EXPRES,2020,,,True,isothermal model grid,Molecfit,https://www.aanda.org/articles/aa/pdf/2020/09/aa37437-20.pdf,,,
458,2,3.69,Cr+,J Hoeijmakers,MASCARA-2 b,emission,EXPRES,2020,,,True,isothermal model grid,Molecfit,https://www.aanda.org/articles/aa/pdf/2020/09/aa37437-20.pdf,,,
459,3,3.4,Na,J Hoeijmakers,MASCARA-2 b,emission,EXPRES,2020,,,True,isothermal model grid,Molecfit,https://www.aanda.org/articles/aa/pdf/2020/09/aa37437-20.pdf,,,
460,4,3.33,Mg,J Hoeijmakers,MASCARA-2 b,emission,EXPRES,2020,,,True,isothermal model grid,Molecfit,https://www.aanda.org/articles/aa/pdf/2020/09/aa37437-20.pdf,,,
467,0,,Al,keles,55 Cancri e,transit,PEPSI,2022,,,True,parameterized model grid,masking,https://academic.oup.com/mnras/article/513/1/1544/6555041,,,
468,1,,Fe,keles,55 Cancri e,transit,PEPSI,2022,,,True,parameterized model grid,masking,https://academic.oup.com/mnras/article/513/1/1544/6555041,,,
469,2,,Ca,keles,55 Cancri e,transit,PEPSI,2022,,,True,parameterized model grid,masking,https://academic.oup.com/mnras/article/513/1/1544/6555041,,,
470,3,,Mg,keles,55 Cancri e,transit,PEPSI,2022,,,True,parameterized model grid,masking,https://academic.oup.com/mnras/article/513/1/1544/6555041,,,
471,4,,Na,keles,55 Cancri e,transit,PEPSI,2022,,,True,parameterized model grid,masking,https://academic.oup.com/mnras/article/513/1/1544/6555041,,,
472,5,,K,keles,55 Cancri e,transit,PEPSI,2022,,,True,parameterized model grid,masking,https://academic.oup.com/mnras/article/513/1/1544/6555041,,,
473,6,,Ti,keles,55 Cancri e,transit,PEPSI,2022,,,True,parameterized model grid,masking,https://academic.oup.com/mnras/article/513/1/1544/6555041,,,
474,7,,Mn,keles,55 Cancri e,transit,PEPSI,2022,,,True,parameterized model grid,masking,https://academic.oup.com/mnras/article/513/1/1544/6555041,,,
475,8,,Ba,keles,55 Cancri e,transit,PEPSI,2022,,,True,parameterized model grid,masking,https://academic.oup.com/mnras/article/513/1/1544/6555041,,,
476,9,,Sr,keles,55 Cancri e,transit,PEPSI,2022,,,True,parameterized model grid,masking,https://academic.oup.com/mnras/article/513/1/1544/6555041,,,
477,10,,S,keles,55 Cancri e,transit,PEPSI,2022,,,True,parameterized model grid,masking,https://academic.oup.com/mnras/article/513/1/1544/6555041,,,
478,11,,Zr,keles,55 Cancri e,transit,PEPSI,2022,,,True,parameterized model grid,masking,https://academic.oup.com/mnras/article/513/1/1544/6555041,,,
479,12,,V,keles,55 Cancri e,transit,PEPSI,2022,,,True,parameterized model grid,masking,https://academic.oup.com/mnras/article/513/1/1544/6555041,,,
480,13,,Cr,keles,55 Cancri e,transit,PEPSI,2022,,,True,parameterized model grid,masking,https://academic.oup.com/mnras/article/513/1/1544/6555041,,,
